<?xml version="1.0" encoding="UTF-8"?>
<project-private xmlns="http://www.netbeans.org/ns/project-private/1">
    <editor-bookmarks xmlns="http://www.netbeans.org/ns/editor-bookmarks/2" lastBookmarkId="0"/>
    <open-files xmlns="http://www.netbeans.org/ns/projectui-open-files/2">
        <group>
            <file>file:/D:/Schule/Schuljahr_2020-21/POS/POS_2020-21/Exa_109_XMLIniFile/src/at/eliastrummer/gui/WindowCreatorGUI.java</file>
            <file>file:/D:/Schule/Schuljahr_2020-21/POS/POS_2020-21/Exa_109_XMLIniFile/src/at/eliastrummer/beans/Window.java</file>
            <file>file:/D:/Schule/Schuljahr_2020-21/POS/POS_2020-21/Exa_109_XMLIniFile/src/at/eliastrummer/at/xml/XMLWindowManager.java</file>
            <file>file:/D:/Schule/Schuljahr_2020-21/POS/POS_2020-21/Exa_109_XMLIniFile/src/at/eliastrummer/utils/XMLMapper.java</file>
        </group>
    </open-files>
</project-private>
