Id;Name;Preis;Beschreibung;Image
1;Margaritha;6.5;cheese, sauce;https://www.kuechengoetter.de/uploads/media/960x960/07/123707-pizza-margherita-0.jpg?v=1-21
2;Diabolo;7.5;cheese, sauce, salami;https://thumbs.dreamstime.com/b/e-r-145510153.jpg
3;Salami;7.0;cheese, sauce, salami;https://bauchzeit.com/wp-content/uploads/2016/03/Salamipizza-Schwangerschaft.jpg
4;Hawaii;10.0;cheese, sauce, pineapple;https://image.stern.de/7340158/t/_L/v3/w1440/r1.7778/-/pizza-hawaii.jpg
5;Schinken;7.0;cheese, sauce, ham;https://www.gutekueche.at/img/rezept/546/pizza-al-prosciutto.jpg